id,name,selling_price,year,seller_type,owner,km_driven,ex_showroom_price,age,km_class,km_per_year,km_per_month,company
2,Royal Enfield Classic Gunmetal Grey,150000.0,2018,Individual,1st owner,12000,148114.0,5,3,2400.0,200.0,Royal Enfield
3,Yamaha Fazer FI V 2.0 [2016-2018],65000.0,2015,Individual,1st owner,23000,89643.0,8,5,2875.0,239.583,Yamaha
5,Honda CB Twister,18000.0,2010,Individual,1st owner,60000,53857.0,13,12,4615.385,384.615,Honda
6,Honda CB Hornet 160R,78500.0,2018,Individual,1st owner,17000,87719.0,5,4,3400.0,283.333,Honda
9,Bajaj Discover 125,50000.0,2016,Individual,1st owner,42000,60122.0,7,9,6000.0,500.0,Bajaj
10,Yamaha FZ16,35000.0,2015,Individual,1st owner,32000,78712.0,8,7,4000.0,333.333,Yamaha
11,Honda Navi,28000.0,2016,Individual,2nd owner,10000,47255.0,7,2,1428.571,119.048,Honda
12,Bajaj Avenger Street 220,80000.0,2018,Individual,1st owner,21178,95955.0,5,5,4235.6,352.967,Bajaj
13,Yamaha YZF R3,365000.0,2019,Individual,1st owner,1127,351680.0,4,1,281.75,23.479,Yamaha
15,Suzuki Access 125 [2007-2016],25000.0,2012,Individual,1st owner,55000,58314.0,11,11,5000.0,416.667,Suzuki
17,Yamaha YZF R15 S,40000.0,2010,Individual,2nd owner,45000,117926.0,13,9,3461.538,288.462,Yamaha
18,Royal Enfield Classic Gunmetal Grey,150000.0,2018,Individual,1st owner,23000,148114.0,5,5,4600.0,383.333,Royal Enfield
19,Yamaha FZ25,120000.0,2018,Individual,1st owner,39000,132680.0,5,8,7800.0,650.0,Yamaha
21,Honda Navi [2016-2017],26000.0,2016,Individual,1st owner,17450,44389.0,7,4,2492.857,207.738,Honda
22,Honda Activa i,32000.0,2013,Individual,2nd owner,20696,53900.0,10,5,2069.6,172.467,Honda
25,Honda Dream Yuga,25000.0,2012,Individual,1st owner,35000,56147.0,11,7,3181.818,265.151,Honda
27,Honda Navi [2016-2017],42000.0,2017,Individual,1st owner,24000,44389.0,6,5,4000.0,333.333,Honda
28,Yamaha Fazer [2009-2016],40000.0,2013,Individual,3rd owner,35000,84751.0,10,7,3500.0,291.667,Yamaha
30,Hero Glamour 125,55000.0,2017,Individual,1st owner,2500,61600.0,6,1,416.667,34.722,Hero
31,Yamaha FZ S [2012-2016],38000.0,2013,Individual,1st owner,75000,79432.0,10,15,7500.0,625.0,Yamaha
32,Hero Xtreme Sports,43000.0,2016,Individual,2nd owner,50000,78350.0,7,10,7142.857,595.238,Hero
34,Honda CB Shine SP,62000.0,2019,Individual,1st owner,10000,71049.0,4,2,2500.0,208.333,Honda
35,Honda Activa 5G,60000.0,2018,Individual,1st owner,6502,57557.0,5,2,1300.4,108.367,Honda
36,Hero Glamour 125,45000.0,2018,Individual,1st owner,21000,61600.0,5,5,4200.0,350.0,Hero
37,Honda CBR-250R,120000.0,2016,Individual,1st owner,16000,202310.0,7,4,2285.714,190.476,Honda
41,Hero Glamour FI,50000.0,2018,Individual,1st owner,20000,71150.0,5,4,4000.0,333.333,Hero
43,Hero Passion XPro,28000.0,2012,Individual,1st owner,81000,56750.0,11,17,7363.636,613.636,Hero
44,Yamaha FZ S V 2.0,85000.0,2018,Individual,1st owner,8000,84042.0,5,2,1600.0,133.333,Yamaha
45,Hero Achiever 150,29900.0,2016,Individual,1st owner,55000,69750.0,7,11,7857.143,654.762,Hero
46,Bajaj Discover 125,25000.0,2011,Individual,1st owner,57000,60122.0,12,12,4750.0,395.833,Bajaj
47,Yamaha FZ16,30000.0,2009,Individual,2nd owner,26000,78712.0,14,6,1857.143,154.762,Yamaha
48,Yamaha Saluto,60000.0,2018,Individual,1st owner,13000,59844.0,5,3,2600.0,216.667,Yamaha
49,Yamaha FZ16,35000.0,2012,Individual,2nd owner,29000,78712.0,11,6,2636.364,219.697,Yamaha
50,Bajaj Discover 100,25000.0,2010,Individual,1st owner,43000,42859.0,13,9,3307.692,275.641,Bajaj
51,Honda CB Trigger,30000.0,2015,Individual,1st owner,40000,73413.0,8,8,5000.0,416.667,Honda
53,Hero Splendor PRO,35000.0,2015,Individual,2nd owner,24000,49900.0,8,5,3000.0,250.0,Hero
54,Honda Activa 5G,70000.0,2019,Individual,1st owner,3000,59422.0,4,1,750.0,62.5,Honda
58,Bajaj Discover 125,25000.0,2013,Individual,1st owner,55000,57549.0,10,11,5500.0,458.333,Bajaj
60,Hero Splendor PRO,35000.0,2015,Individual,2nd owner,24000,51994.0,8,5,3000.0,250.0,Hero
61,Hero Xtreme Sports,50000.0,2014,Individual,1st owner,80000,80350.0,9,16,8888.889,740.741,Hero
62,Honda Activa 3G,30000.0,2015,Individual,1st owner,39000,54605.0,8,8,4875.0,406.25,Honda
63,Yamaha FZ16,48000.0,2016,Individual,1st owner,20000,78712.0,7,4,2857.143,238.095,Yamaha
64,Honda CB Hornet 160R,65000.0,2016,Individual,1st owner,30000,88161.0,7,6,4285.714,357.143,Honda
66,Hero Hunk,45000.0,2014,Individual,1st owner,41000,78513.0,9,9,4555.556,379.63,Hero
67,Suzuki Let''s,34000.0,2014,Individual,1st owner,8000,50098.0,9,2,888.889,74.074,Suzuki
70,Mahindra Mojo XT300,165000.0,2017,Individual,1st owner,1933,195500.0,6,1,322.167,26.847,Mahindra
72,Bajaj Pulsar AS200,65000.0,2015,Individual,1st owner,15856,92074.0,8,4,1982.0,165.167,Bajaj
74,Royal Enfield Thunderbird 350X,165000.0,2019,Individual,1st owner,3700,164004.0,4,1,925.0,77.083,Royal Enfield
81,Honda CB Unicorn 150,50000.0,2014,Individual,1st owner,32000,74295.0,9,7,3555.556,296.296,Honda
82,Honda Activa 5G,62000.0,2019,Individual,1st owner,3500,57557.0,4,1,875.0,72.917,Honda
83,Honda CB Twister,30000.0,2013,Individual,1st owner,9000,53857.0,10,2,900.0,75.0,Honda
84,Hero Splendor PRO,28000.0,2015,Individual,1st owner,38000,49642.0,8,8,4750.0,395.833,Hero
86,Honda Activa i [2016-2017],30000.0,2015,Individual,2nd owner,20000,51112.0,8,4,2500.0,208.333,Honda
87,Royal Enfield Classic Gunmetal Grey,140000.0,2018,Individual,1st owner,22000,148114.0,5,5,4400.0,366.667,Royal Enfield
88,TVS Scooty Zest 110,30000.0,2017,Individual,1st owner,9432,53751.0,6,2,1572.0,131.0,TVS
90,Suzuki Access 125 [2007-2016],22000.0,2010,Individual,2nd owner,43000,58314.0,13,9,3307.692,275.641,Suzuki
91,Honda Activa [2000-2015],22989.0,2012,Individual,1st owner,500000,50267.0,11,100,45454.545,3787.879,Honda
92,Honda Activa 125 [2016-2017],42000.0,2016,Individual,1st owner,30514,61653.0,7,7,4359.143,363.262,Honda
93,Suzuki GS150R,30000.0,2010,Individual,1st owner,130000,70851.0,13,26,10000.0,833.333,Suzuki
95,Honda Activa 4G,45000.0,2018,Individual,1st owner,25000,53079.0,5,5,5000.0,416.667,Honda
96,Yamaha FZ25,150000.0,2019,Individual,1st owner,2500,133680.0,4,1,625.0,52.083,Yamaha
99,Bajaj Discover 100,24999.0,2012,Individual,2nd owner,35000,42859.0,11,7,3181.818,265.151,Bajaj
104,Royal Enfield Classic Desert Storm,150000.0,2017,Individual,1st owner,16500,181445.0,6,4,2750.0,229.167,Royal Enfield
107,Bajaj V15,42000.0,2016,Individual,1st owner,35000,65626.0,7,7,5000.0,416.667,Bajaj
109,Yamaha FZ S V 2.0,50000.0,2015,Individual,1st owner,20000,84042.0,8,4,2500.0,208.333,Yamaha
112,Yamaha FZ25,120000.0,2017,Individual,1st owner,9000,132680.0,6,2,1500.0,125.0,Yamaha
114,Bajaj Discover 125 ST,17500.0,2013,Individual,1st owner,38000,58438.0,10,8,3800.0,316.667,Bajaj
116,Honda Aviator,57000.0,2018,Individual,1st owner,6465,61118.0,5,2,1293.0,107.75,Honda
119,Hero Xtreme [2013-2014],25000.0,2013,Individual,1st owner,24000,75936.0,10,5,2400.0,200.0,Hero
121,UM Renegade Commando,160000.0,2018,Individual,1st owner,7000,180525.0,5,2,1400.0,116.667,UM
122,Royal Enfield Classic Gunmetal Grey,135000.0,2018,Individual,1st owner,6100,148114.0,5,2,1220.0,101.667,Royal Enfield
123,Honda CB Hornet 160R,55000.0,2017,Individual,1st owner,14000,87543.0,6,3,2333.333,194.444,Honda
125,Bajaj Discover 100,20000.0,2012,Individual,1st owner,85000,42859.0,11,17,7727.273,643.939,Bajaj
128,Honda Activa 5G,55000.0,2019,Individual,1st owner,10000,57557.0,4,2,2500.0,208.333,Honda
129,Bajaj Avenger Street 150 [2018],50000.0,2016,Individual,1st owner,40000,80435.0,7,8,5714.286,476.19,Bajaj
131,Honda Activa 3G,60000.0,2015,Individual,1st owner,30000,54605.0,8,6,3750.0,312.5,Honda
132,Honda Activa 3G,40000.0,2015,Individual,1st owner,3000,54605.0,8,1,375.0,31.25,Honda
133,Bajaj Pulsar 180,15000.0,2008,Individual,1st owner,55000,85011.0,15,11,3666.667,305.556,Bajaj
134,Harley-Davidson Street Bob,750000.0,2013,Individual,2nd owner,12000,1278000.0,10,3,1200.0,100.0,Harley-Davidson
136,Royal Enfield Classic Gunmetal Grey,190000.0,2020,Individual,1st owner,500,155740.0,3,1,166.667,13.889,Royal Enfield
137,KTM 390 Duke ABS [2013-2016],130000.0,2015,Individual,1st owner,50000,202127.0,8,10,6250.0,520.833,KTM
138,Honda CB Hornet 160R,54786.0,2016,Individual,1st owner,25000,88161.0,7,5,3571.429,297.619,Honda
140,Hero Karizma 2014,35000.0,2013,Individual,1st owner,26000,86744.0,10,6,2600.0,216.667,Hero
141,Hero Glamour 125,45000.0,2017,Individual,1st owner,18000,61600.0,6,4,3000.0,250.0,Hero
143,Royal Enfield Classic 500,100000.0,2013,Individual,1st owner,18000,156304.0,10,4,1800.0,150.0,Royal Enfield
148,Hero Hunk,20000.0,2010,Individual,1st owner,35000,78513.0,13,7,2692.308,224.359,Hero
150,Suzuki Gixxer [2014-2018],60000.0,2016,Individual,1st owner,16000,84246.0,7,4,2285.714,190.476,Suzuki
154,Hero Xtreme Sports,22000.0,2014,Individual,1st owner,99000,78350.0,9,20,11000.0,916.667,Hero
155,Honda Activa [2000-2015],30000.0,2014,Individual,1st owner,52000,50267.0,9,11,5777.778,481.482,Honda
156,Bajaj Discover 125,28000.0,2013,Individual,1st owner,45000,60122.0,10,9,4500.0,375.0,Bajaj
158,Yamaha Saluto RX,40000.0,2017,Individual,1st owner,27000,49521.0,6,6,4500.0,375.0,Yamaha
161,Royal Enfield Classic Desert Storm,100000.0,2012,Individual,1st owner,15000,181445.0,11,3,1363.636,113.636,Royal Enfield
164,Honda CB Hornet 160R,48000.0,2016,Individual,2nd owner,25000,88161.0,7,5,3571.429,297.619,Honda
167,Bajaj Pulsar 135 LS,20000.0,2010,Individual,2nd owner,50000,64589.0,13,10,3846.154,320.513,Bajaj
169,Honda Navi [2016-2017],23000.0,2016,Individual,1st owner,17450,44389.0,7,4,2492.857,207.738,Honda
170,Bajaj Discover 125,15000.0,2011,Individual,1st owner,32000,57549.0,12,7,2666.667,222.222,Bajaj
171,Yamaha SZ RR V 2.0,35000.0,2015,Individual,1st owner,38000,69983.0,8,8,4750.0,395.833,Yamaha
172,Bajaj Discover 150,25000.0,2014,Individual,2nd owner,71000,54299.0,9,15,7888.889,657.407,Bajaj
175,Vespa VX 125,45000.0,2013,Individual,2nd owner,50000,72303.0,10,10,5000.0,416.667,Vespa
176,Yamaha SZ X,25000.0,2012,Individual,2nd owner,30000,65800.0,11,6,2727.273,227.273,Yamaha
177,Honda CBF Stunner,35000.0,2013,Individual,1st owner,15888,58757.0,10,4,1588.8,132.4,Honda
178,Bajaj Discover 100 T,25000.0,2013,Individual,1st owner,26000,47032.0,10,6,2600.0,216.667,Bajaj
180,Honda Activa [2000-2015],25000.0,2014,Individual,1st owner,41000,50267.0,9,9,4555.556,379.63,Honda
184,Honda CB Unicorn 160,75000.0,2015,Individual,1st owner,100000,79233.0,8,20,12500.0,1041.667,Honda
185,Honda Activa 3G,47999.0,2016,Individual,1st owner,6000,54605.0,7,2,857.143,71.429,Honda
187,Bajaj Pulsar 180,25000.0,2007,Individual,1st owner,80000,85011.0,16,16,5000.0,416.667,Bajaj
189,Honda CB Unicorn 150,50000.0,2007,Individual,1st owner,46000,74295.0,16,10,2875.0,239.583,Honda
190,Yamaha YZF R15 [2011-2018],65000.0,2013,Individual,1st owner,11000,118997.0,10,3,1100.0,91.667,Yamaha
192,Bajaj Pulsar AS200,60000.0,2015,Individual,1st owner,50000,92074.0,8,10,6250.0,520.833,Bajaj
193,Honda Activa [2000-2015],20000.0,2010,Individual,1st owner,50000,50267.0,13,10,3846.154,320.513,Honda
194,Yamaha FZ16,27000.0,2011,Individual,1st owner,67000,78712.0,12,14,5583.333,465.278,Yamaha
199,Yamaha Ray Z,35000.0,2015,Individual,1st owner,15500,52949.0,8,4,1937.5,161.458,Yamaha
200,Bajaj Pulsar 180,35000.0,2012,Individual,1st owner,45000,85011.0,11,9,4090.909,340.909,Bajaj
201,Bajaj Discover 150F,40000.0,2014,Individual,2nd owner,60855,64071.0,9,13,6761.667,563.472,Bajaj
202,Bajaj Pulsar 135 LS,56000.0,2017,Individual,3rd owner,37714,64589.0,6,8,6285.667,523.806,Bajaj
203,Bajaj Pulsar 180,30000.0,2008,Individual,2nd owner,60000,85011.0,15,12,4000.0,333.333,Bajaj
204,Honda Activa 125 [2016-2017],40000.0,2017,Individual,1st owner,26000,61545.0,6,6,4333.333,361.111,Honda
206,Hero Karizma 2014,40000.0,2013,Individual,1st owner,30000,86744.0,10,6,3000.0,250.0,Hero
208,Royal Enfield Bullet 500,130000.0,2015,Individual,1st owner,34601,168482.0,8,7,4325.125,360.427,Royal Enfield
209,Bajaj Pulsar AS200,45000.0,2015,Individual,1st owner,48000,92074.0,8,10,6000.0,500.0,Bajaj
210,Yamaha FZ S [2012-2016],42000.0,2013,Individual,1st owner,60000,79432.0,10,12,6000.0,500.0,Yamaha
213,Bajaj Dominar 400 [2018],170000.0,2018,Individual,1st owner,16000,163331.0,5,4,3200.0,266.667,Bajaj
214,Hero Passion X Pro [2016-2017],38000.0,2016,Individual,2nd owner,20000,59095.0,7,4,2857.143,238.095,Hero
215,Yamaha FZ S V 2.0,60000.0,2015,Individual,2nd owner,17500,84042.0,8,4,2187.5,182.292,Yamaha
217,Bajaj Avenger [2015],35000.0,2011,Individual,1st owner,30000,75502.0,12,6,2500.0,208.333,Bajaj
220,Hero Splendor iSmart,50000.0,2017,Individual,2nd owner,10000,52271.0,6,2,1666.667,138.889,Hero
222,Yamaha FZ16,25000.0,2008,Individual,1st owner,40000,78712.0,15,8,2666.667,222.222,Yamaha
223,Hero Xtreme Sports,58000.0,2016,Individual,1st owner,21000,80350.0,7,5,3000.0,250.0,Hero
226,Bajaj Discover 150S,40000.0,2014,Individual,1st owner,50000,63331.0,9,10,5555.556,462.963,Bajaj
227,TVS Scooty Zest 110,28000.0,2015,Individual,1st owner,32800,52372.0,8,7,4100.0,341.667,TVS
228,Bajaj Avenger Street 150 [2018],50000.0,2016,Individual,1st owner,32000,80435.0,7,7,4571.429,380.952,Bajaj
229,Yamaha Cygnus Ray ZR,56000.0,2019,Individual,1st owner,3900,58630.0,4,1,975.0,81.25,Yamaha
230,Honda Activa [2000-2015],35000.0,2014,Individual,1st owner,10000,50267.0,9,2,1111.111,92.593,Honda
233,Honda CB Hornet 160R,95000.0,2019,Individual,1st owner,8000,94703.0,4,2,2000.0,166.667,Honda
234,Honda Activa i [2016-2017],40000.0,2017,Individual,1st owner,11000,53436.0,6,3,1833.333,152.778,Honda
235,Hero Karizma 2014,30000.0,2014,Individual,2nd owner,51000,86744.0,9,11,5666.667,472.222,Hero
236,Bajaj Discover 100 T,18000.0,2013,Individual,1st owner,45000,47032.0,10,9,4500.0,375.0,Bajaj
237,Honda Aviator,14000.0,2008,Individual,1st owner,66000,59183.0,15,14,4400.0,366.667,Honda
241,Hero Passion PRO i3s,50000.0,2017,Individual,1st owner,41000,56925.0,6,9,6833.333,569.444,Hero
244,Hero Maestro Edge,40000.0,2017,Individual,1st owner,15000,55980.0,6,3,2500.0,208.333,Hero
248,Honda Activa 3G,42000.0,2015,Individual,1st owner,20000,54605.0,8,4,2500.0,208.333,Honda
249,Yamaha FZ16,20000.0,2009,Individual,1st owner,50000,78712.0,14,10,3571.429,297.619,Yamaha
250,Hero Maestro Edge,25000.0,2017,Individual,1st owner,55000,52790.0,6,11,9166.667,763.889,Hero
251,Bajaj Discover 125,25000.0,2016,Individual,1st owner,70350,60122.0,7,15,10050.0,837.5,Bajaj
252,Royal Enfield Thunderbird 350X,145000.0,2019,Individual,1st owner,2700,164004.0,4,1,675.0,56.25,Royal Enfield
255,Yamaha FZ V 2.0,60000.0,2014,Individual,1st owner,41311,81508.0,9,9,4590.111,382.509,Yamaha
262,Honda CBR-250R,100000.0,2014,Individual,1st owner,19000,199275.0,9,4,2111.111,175.926,Honda
265,Honda Dream Yuga,35000.0,2014,Individual,1st owner,10000,56147.0,9,2,1111.111,92.593,Honda
266,Yamaha FZ S V 2.0,50000.0,2016,Individual,1st owner,40000,87042.0,7,8,5714.286,476.19,Yamaha
267,Hero Xpulse 200,90000.0,2019,Individual,1st owner,8600,107500.0,4,2,2150.0,179.167,Hero
268,Bajaj V15,40000.0,2016,Individual,1st owner,45000,67187.0,7,9,6428.571,535.714,Bajaj
269,Bajaj Avenger Street 220,80000.0,2016,Individual,1st owner,7200,95955.0,7,2,1028.571,85.714,Bajaj
271,Honda CB Unicorn 150,70000.0,2017,Individual,1st owner,18000,74295.0,6,4,3000.0,250.0,Honda
274,Honda CB Shine SP,50000.0,2016,Individual,1st owner,46000,67214.0,7,10,6571.429,547.619,Honda
275,Honda CB Unicorn 150,40000.0,2014,Individual,1st owner,77592,74295.0,9,16,8621.333,718.444,Honda
276,Honda CB Unicorn 150,75000.0,2013,Individual,1st owner,54000,74295.0,10,11,5400.0,450.0,Honda
277,Honda CB Unicorn 150,50000.0,2013,Individual,1st owner,17000,74295.0,10,4,1700.0,141.667,Honda
282,Hero Maestro,25000.0,2015,Individual,2nd owner,40000,49412.0,8,8,5000.0,416.667,Hero
286,Royal Enfield Classic Desert Storm,130000.0,2015,Individual,2nd owner,25000,181445.0,8,5,3125.0,260.417,Royal Enfield
289,Kawasaki Ninja 650 [2018-2019],425000.0,2017,Individual,2nd owner,13600,599000.0,6,3,2266.667,188.889,Kawasaki
291,Kawasaki Ninja 250R,125000.0,2010,Individual,2nd owner,21000,317934.0,13,5,1615.385,134.615,Kawasaki
292,TVS Wego,45000.0,2018,Individual,1st owner,10000,54760.0,5,2,2000.0,166.667,TVS
293,Honda CBR-250R,85000.0,2014,Individual,2nd owner,18600,171646.0,9,4,2066.667,172.222,Honda
295,Suzuki GSX S750,760000.0,2019,Individual,1st owner,2800,752020.0,4,1,700.0,58.333,Suzuki
298,Honda CB Shine SP,48000.0,2015,Individual,1st owner,25000,67469.0,8,5,3125.0,260.417,Honda
299,Bajaj Avenger Street 150 [2018],40000.0,2016,Individual,1st owner,29689,80435.0,7,6,4241.286,353.44,Bajaj
300,Honda CBF Stunner,37000.0,2014,Individual,1st owner,43000,58757.0,9,9,4777.778,398.148,Honda
301,Bajaj Avenger [2015],38000.0,2014,Individual,2nd owner,28243,75502.0,9,6,3138.111,261.509,Bajaj
302,Suzuki Gixxer [2014-2018],55000.0,2015,Individual,1st owner,25000,78316.0,8,5,3125.0,260.417,Suzuki
304,TVS Scooty Streak,18000.0,2009,Individual,2nd owner,33595,44140.0,14,7,2399.643,199.97,TVS
309,Honda Activa 5G,42000.0,2018,Individual,1st owner,22000,57557.0,5,5,4400.0,366.667,Honda
311,Harley-Davidson Street 750,330000.0,2014,Individual,4th owner,6500,534000.0,9,2,722.222,60.185,Harley-Davidson
312,Hero Xtreme 2014,35000.0,2013,Individual,1st owner,15000,72973.0,10,3,1500.0,125.0,Hero
318,Honda Activa [2000-2015],29500.0,2013,Individual,1st owner,45000,50267.0,10,9,4500.0,375.0,Honda
322,Yamaha FZ25,110000.0,2019,Individual,1st owner,10000,133680.0,4,2,2500.0,208.333,Yamaha
324,Yamaha Fascino 110,69000.0,2019,Individual,1st owner,1600,57112.0,4,1,400.0,33.333,Yamaha
325,Yamaha FZ16,30000.0,2011,Individual,1st owner,44000,78712.0,12,9,3666.667,305.556,Yamaha
326,Yamaha FZ16,30000.0,2010,Individual,1st owner,70000,78712.0,13,14,5384.615,448.718,Yamaha
329,Bajaj Pulsar 135 LS,20000.0,2010,Individual,1st owner,80000,64589.0,13,16,6153.846,512.82,Bajaj
331,Bajaj Pulsar 135 LS,23000.0,2010,Individual,1st owner,77000,64589.0,13,16,5923.077,493.59,Bajaj
332,UM Renegade Commando,140000.0,2017,Individual,2nd owner,40000,180525.0,6,8,6666.667,555.556,UM
334,Hero Passion PRO i3s,50000.0,2017,Individual,1st owner,18000,56925.0,6,4,3000.0,250.0,Hero
336,Honda Activa 5G,55000.0,2019,Individual,1st owner,9000,59422.0,4,2,2250.0,187.5,Honda
337,Yamaha Fascino 110,45000.0,2016,Individual,1st owner,56000,54500.0,7,12,8000.0,666.667,Yamaha
342,TVS Radeon,35000.0,2017,Individual,1st owner,20000,66492.0,6,4,3333.333,277.778,TVS
344,BMW G310GS,300000.0,2018,Individual,1st owner,2500,349000.0,5,1,500.0,41.667,BMW
347,Yamaha FZ S V 2.0,50000.0,2014,Individual,1st owner,70000,84042.0,9,14,7777.778,648.148,Yamaha
348,Bajaj Avenger Street 220,60000.0,2016,Individual,1st owner,29000,95955.0,7,6,4142.857,345.238,Bajaj
352,Honda CB Unicorn 150,50000.0,2016,Individual,1st owner,27000,74295.0,7,6,3857.143,321.429,Honda
353,Suzuki Gixxer [2014-2018],62000.0,2017,Individual,1st owner,15000,78316.0,6,3,2500.0,208.333,Suzuki
356,Royal Enfield Thunderbird 500,125000.0,2014,Individual,1st owner,25000,190874.0,9,5,2777.778,231.481,Royal Enfield
357,Bajaj Pulsar AS150,50000.0,2015,Individual,1st owner,5000,80821.0,8,1,625.0,52.083,Bajaj
359,Hero Pleasure,40000.0,2014,Individual,1st owner,14000,51600.0,9,3,1555.556,129.63,Hero
360,Honda Aviator,41000.0,2013,Individual,1st owner,36500,63537.0,10,8,3650.0,304.167,Honda
362,Hero Ignitor,35000.0,2014,Individual,1st owner,33200,67722.0,9,7,3688.889,307.407,Hero
365,Hero Achiever 150,38000.0,2017,Individual,1st owner,26000,69750.0,6,6,4333.333,361.111,Hero
366,Vespa LX 125,50000.0,2015,Individual,1st owner,3909,77900.0,8,1,488.625,40.719,Vespa
367,Honda Activa 3G,40000.0,2015,Individual,1st owner,7672,54605.0,8,2,959.0,79.917,Honda
368,Hero Splendor Plus i3s,70000.0,2019,Individual,1st owner,3000,55600.0,4,1,750.0,62.5,Hero
370,Hero Maestro,26500.0,2016,Individual,2nd owner,40000,53830.0,7,8,5714.286,476.19,Hero
371,Hero Glamour 125,38000.0,2016,Dealer,1st owner,5500,61600.0,7,2,785.714,65.476,Hero
372,Yamaha FZ16,60000.0,2016,Individual,1st owner,29950,78712.0,7,6,4278.571,356.548,Yamaha
374,Yamaha FZ S V 2.0,78000.0,2017,Individual,1st owner,26100,84480.0,6,6,4350.0,362.5,Yamaha
375,Hero Maestro Edge,58000.0,2018,Individual,1st owner,6000,54580.0,5,2,1200.0,100.0,Hero
376,Yamaha FZ25,130000.0,2017,Individual,1st owner,4000,132680.0,6,1,666.667,55.556,Yamaha
377,TVS Victor,20000.0,2001,Individual,1st owner,50000,54852.0,22,10,2272.727,189.394,TVS
378,Bajaj Dominar 400 [2018],150000.0,2018,Individual,1st owner,5475,163331.0,5,2,1095.0,91.25,Bajaj
379,Bajaj Pulsar 180,32000.0,2012,Individual,1st owner,40000,85011.0,11,8,3636.364,303.03,Bajaj
380,Bajaj Pulsar 180,50000.0,2017,Individual,1st owner,20500,85011.0,6,5,3416.667,284.722,Bajaj
382,Bajaj Avenger Street 150 [2018],60000.0,2016,Individual,2nd owner,23097,80435.0,7,5,3299.571,274.964,Bajaj
383,Bajaj Discover 100 M,20000.0,2011,Individual,1st owner,37734,44756.0,12,8,3144.5,262.042,Bajaj
385,Yamaha YZF R15 S,70000.0,2016,Individual,1st owner,8000,117926.0,7,2,1142.857,95.238,Yamaha
386,Yamaha FZ V 2.0,35000.0,2014,Individual,1st owner,13500,81508.0,9,3,1500.0,125.0,Yamaha
387,Bajaj Avenger Street 220,95000.0,2018,Individual,1st owner,23000,95955.0,5,5,4600.0,383.333,Bajaj
390,Hero Achiever 150,65000.0,2016,Individual,1st owner,29000,69750.0,7,6,4142.857,345.238,Hero
392,Hero Duet,45000.0,2017,Individual,1st owner,35000,50280.0,6,7,5833.333,486.111,Hero
393,Bajaj Avenger Street 150 [2018],60000.0,2016,Individual,1st owner,45137,80435.0,7,10,6448.143,537.345,Bajaj
394,Royal Enfield Classic Stealth Black,160000.0,2018,Individual,1st owner,7500,204977.0,5,2,1500.0,125.0,Royal Enfield
396,Bajaj Pulsar 135 LS,40000.0,2018,Individual,1st owner,15000,64589.0,5,3,3000.0,250.0,Bajaj
397,Yamaha Fazer [2009-2016],40000.0,2012,Individual,1st owner,7353,84751.0,11,2,668.455,55.705,Yamaha
398,Honda CB Hornet 160R,56000.0,2017,Individual,2nd owner,13200,87543.0,6,3,2200.0,183.333,Honda
399,Honda CB Unicorn Dazzler,22000.0,2011,Individual,1st owner,38350,71757.0,12,8,3195.833,266.319,Honda
400,Yamaha YBR 125,36000.0,2014,Individual,1st owner,20400,54593.0,9,5,2266.667,188.889,Yamaha
401,Suzuki Intruder 150 Fi,100000.0,2018,Individual,1st owner,14500,110240.0,5,3,2900.0,241.667,Suzuki
402,Bajaj V15,42000.0,2016,Individual,1st owner,19500,67187.0,7,4,2785.714,232.143,Bajaj
404,Hero Passion PRO TR,45000.0,2014,Individual,1st owner,36000,54586.0,9,8,4000.0,333.333,Hero
405,Yamaha FZ25,145000.0,2019,Individual,1st owner,4500,133680.0,4,1,1125.0,93.75,Yamaha
406,Hero Karizma [2003-2014],50000.0,2013,Individual,1st owner,38000,85766.0,10,8,3800.0,316.667,Hero
409,Royal Enfield Classic Squadron Blue,140000.0,2017,Individual,1st owner,25000,181445.0,6,5,4166.667,347.222,Royal Enfield
411,KTM 390 Duke ABS [2013-2016],180000.0,2015,Individual,2nd owner,13125,202127.0,8,3,1640.625,136.719,KTM
412,Bajaj Pulsar 180,42000.0,2014,Individual,2nd owner,19600,85011.0,9,4,2177.778,181.481,Bajaj
413,Suzuki Access 125 [2007-2016],16000.0,2011,Individual,1st owner,40000,58314.0,12,8,3333.333,277.778,Suzuki
414,Hero Splendor iSmart,40000.0,2015,Individual,1st owner,19055,52271.0,8,4,2381.875,198.49,Hero
415,Bajaj Pulsar 180,38000.0,2012,Individual,2nd owner,57000,85011.0,11,12,5181.818,431.818,Bajaj
416,Yamaha YZF R15 S,85000.0,2017,Individual,1st owner,13000,117926.0,6,3,2166.667,180.556,Yamaha
417,Honda Aviator,28000.0,2013,Individual,1st owner,28087,63537.0,10,6,2808.7,234.058,Honda
420,Hero Karizma ZMR,37000.0,2010,Individual,1st owner,27500,108000.0,13,6,2115.385,176.282,Hero
421,Royal Enfield Classic Chrome,135000.0,2015,Individual,1st owner,45000,189313.0,8,9,5625.0,468.75,Royal Enfield
423,Mahindra Rodeo,20000.0,2013,Individual,1st owner,7000,47343.0,10,2,700.0,58.333,Mahindra
425,Yamaha Fazer FI V 2.0 [2016-2018],65000.0,2018,Individual,1st owner,3500,89643.0,5,1,700.0,58.333,Yamaha
426,Honda Activa 5G,50000.0,2018,Individual,1st owner,14000,59422.0,5,3,2800.0,233.333,Honda
429,Honda CB Hornet 160R,60000.0,2017,Individual,1st owner,16500,92210.0,6,4,2750.0,229.167,Honda
432,Yamaha Saluto,38000.0,2015,Individual,1st owner,15000,63180.0,8,3,1875.0,156.25,Yamaha
439,Hero Xtreme 200R,87000.0,2019,Individual,1st owner,3200,93400.0,4,1,800.0,66.667,Hero
441,Bajaj Discover 150S,35000.0,2015,Individual,1st owner,28000,63331.0,8,6,3500.0,291.667,Bajaj
442,Honda CBR-250R,100000.0,2011,Individual,2nd owner,3500,171646.0,12,1,291.667,24.306,Honda
443,Hero Pleasure,30000.0,2013,Individual,1st owner,24000,51600.0,10,5,2400.0,200.0,Hero
445,Bajaj Discover 125 ST,25000.0,2012,Individual,1st owner,76000,58438.0,11,16,6909.091,575.758,Bajaj
449,Royal Enfield Classic Signals,195000.0,2018,Individual,1st owner,2845,164095.0,5,1,569.0,47.417,Royal Enfield
450,Bajaj Pulsar 180,14900.0,2007,Individual,1st owner,50000,85011.0,16,10,3125.0,260.417,Bajaj
451,Honda Dream Yuga,48000.0,2018,Individual,1st owner,7110,56147.0,5,2,1422.0,118.5,Honda
452,Yamaha FZ S [2012-2016],40000.0,2014,Individual,1st owner,27785,79432.0,9,6,3087.222,257.269,Yamaha
453,Honda CB Unicorn,45000.0,2010,Individual,1st owner,75000,71681.0,13,15,5769.231,480.769,Honda
455,Honda Activa 3G,25000.0,2011,Individual,1st owner,20000,54605.0,12,4,1666.667,138.889,Honda
456,Honda Activa [2000-2015],10000.0,2009,Individual,1st owner,60000,50267.0,14,12,4285.714,357.143,Honda
457,Mahindra Flyte,22000.0,2009,Individual,3rd owner,20000,44493.0,14,4,1428.571,119.048,Mahindra
458,Honda Activa 3G,45000.0,2015,Individual,1st owner,18000,54605.0,8,4,2250.0,187.5,Honda
460,Yamaha Ray Z,75000.0,2017,Individual,1st owner,15000,52949.0,6,3,2500.0,208.333,Yamaha
461,Bajaj Pulsar 135 LS,24000.0,2010,Individual,1st owner,45000,64589.0,13,9,3461.538,288.462,Bajaj
462,Yamaha FZ16,45000.0,2016,Individual,1st owner,37000,78712.0,7,8,5285.714,440.476,Yamaha
463,Hero Passion PRO i3s,55000.0,2017,Individual,1st owner,14600,54475.0,6,3,2433.333,202.778,Hero
464,Bajaj Discover 125,10000.0,2006,Individual,1st owner,51000,57549.0,17,11,3000.0,250.0,Bajaj
466,Honda CB Unicorn 150,55000.0,2017,Individual,1st owner,12000,74295.0,6,3,2000.0,166.667,Honda
467,Bajaj Avenger [2015],35000.0,2012,Individual,1st owner,15000,75502.0,11,3,1363.636,113.636,Bajaj
470,Honda Activa [2000-2015],23000.0,2009,Individual,1st owner,95000,50267.0,14,19,6785.714,565.476,Honda
471,Royal Enfield Classic Desert Storm,150000.0,2015,Individual,1st owner,23000,181445.0,8,5,2875.0,239.583,Royal Enfield
473,Hero Duet,35000.0,2016,Individual,2nd owner,49637,54080.0,7,10,7091.0,590.917,Hero
476,Honda Activa 3G,50000.0,2016,Individual,1st owner,5326,54605.0,7,2,760.857,63.405,Honda
477,Honda Activa [2000-2015],25000.0,2009,Individual,1st owner,585659,50267.0,14,118,41832.786,3486.066,Honda
480,Honda CB Trigger,45000.0,2015,Individual,1st owner,36000,83437.0,8,8,4500.0,375.0,Honda
481,Honda Dream Yuga,25000.0,2013,Individual,1st owner,29000,56147.0,10,6,2900.0,241.667,Honda
484,Hero Ignitor,30000.0,2016,Individual,1st owner,18000,67722.0,7,4,2571.429,214.286,Hero
488,Yamaha YZF R15 [2011-2018],60000.0,2012,Individual,1st owner,22000,118997.0,11,5,2000.0,166.667,Yamaha
489,Honda Activa 3G,32000.0,2015,Individual,1st owner,4500,54605.0,8,1,562.5,46.875,Honda
490,Bajaj Discover 150,30000.0,2012,Individual,1st owner,50000,54299.0,11,10,4545.455,378.788,Bajaj
492,Bajaj Avenger Street 150 [2018],75000.0,2016,Individual,1st owner,35000,80435.0,7,7,5000.0,416.667,Bajaj
494,Bajaj Discover 125,38000.0,2018,Individual,1st owner,34000,60122.0,5,7,6800.0,566.667,Bajaj
496,Honda CB Shine SP,47000.0,2017,Individual,1st owner,73000,64750.0,6,15,12166.667,1013.889,Honda
497,Honda Activa [2000-2015],22000.0,2014,Individual,1st owner,38000,50267.0,9,8,4222.222,351.852,Honda
498,Bajaj Avenger [2015],65000.0,2015,Individual,1st owner,26000,75502.0,8,6,3250.0,270.833,Bajaj
500,Bajaj Discover 100,30000.0,2011,Individual,1st owner,45000,42859.0,12,9,3750.0,312.5,Bajaj
502,Bajaj Avenger Street 150 [2018],80000.0,2017,Individual,1st owner,30000,80435.0,6,6,5000.0,416.667,Bajaj
507,Honda CB Trigger,40000.0,2015,Individual,1st owner,75000,76572.0,8,15,9375.0,781.25,Honda
508,Bajaj Pulsar 135 LS,20000.0,2010,Individual,1st owner,80000,64589.0,13,16,6153.846,512.82,Bajaj
509,Bajaj Pulsar 180,65000.0,2018,Individual,1st owner,26000,85011.0,5,6,5200.0,433.333,Bajaj
510,Yamaha YZF R15 S,85000.0,2016,Individual,1st owner,26000,117926.0,7,6,3714.286,309.524,Yamaha
512,Hero Xpulse 200T,105000.0,2019,Individual,1st owner,2900,96500.0,4,1,725.0,60.417,Hero
513,Yamaha FZ S V 2.0,40000.0,2015,Individual,1st owner,25000,84042.0,8,5,3125.0,260.417,Yamaha
514,Bajaj Discover 150,30000.0,2011,Individual,2nd owner,39500,54299.0,12,8,3291.667,274.306,Bajaj
515,Honda Activa [2000-2015],25000.0,2012,Individual,1st owner,40000,50267.0,11,8,3636.364,303.03,Honda
516,Hero Splendor PRO,40000.0,2016,Individual,1st owner,16000,51994.0,7,4,2285.714,190.476,Hero
517,Honda Dream Neo,45000.0,2017,Individual,2nd owner,21000,49211.0,6,5,3500.0,291.667,Honda
519,Suzuki Access 125,70000.0,2018,Individual,1st owner,7000,76632.0,5,2,1400.0,116.667,Suzuki
520,Honda Activa [2000-2015],30000.0,2012,Individual,1st owner,22000,50267.0,11,5,2000.0,166.667,Honda
523,Honda CB Hornet 160R,70000.0,2017,Individual,1st owner,35000,87719.0,6,7,5833.333,486.111,Honda
524,Bajaj V15,50000.0,2017,Individual,1st owner,9000,65626.0,6,2,1500.0,125.0,Bajaj
527,Honda Activa [2000-2015],35000.0,2013,Individual,1st owner,29500,50267.0,10,6,2950.0,245.833,Honda
531,Hero Maestro Edge,55000.0,2018,Individual,1st owner,39000,52790.0,5,8,7800.0,650.0,Hero
533,Hero Glamour 125,40000.0,2016,Individual,1st owner,15000,61600.0,7,3,2142.857,178.571,Hero
536,Yamaha YBR 125,35000.0,2013,Individual,1st owner,20350,54593.0,10,5,2035.0,169.583,Yamaha
540,Hero Passion PRO i3s,55000.0,2018,Individual,1st owner,15000,54475.0,5,3,3000.0,250.0,Hero
541,Bajaj Pulsar 180,60000.0,2015,Individual,1st owner,28563,85011.0,8,6,3570.375,297.531,Bajaj
542,Yamaha Fazer 25,115000.0,2018,Individual,1st owner,11000,142680.0,5,3,2200.0,183.333,Yamaha
545,Honda Dream Neo,50000.0,2014,Individual,1st owner,25000,49211.0,9,5,2777.778,231.481,Honda
550,Bajaj Pulsar 180,40000.0,2013,Individual,1st owner,34000,85011.0,10,7,3400.0,283.333,Bajaj
551,Hero Xtreme 200R,86000.0,2018,Individual,1st owner,12000,93400.0,5,3,2400.0,200.0,Hero
553,Bajaj Avenger Street 150 [2018],60000.0,2017,Individual,1st owner,30000,80435.0,6,6,5000.0,416.667,Bajaj
555,Honda CB Shine SP,41000.0,2017,Individual,1st owner,33000,66697.0,6,7,5500.0,458.333,Honda
556,Honda CBR150 R,110000.0,2017,Individual,1st owner,11800,129662.0,6,3,1966.667,163.889,Honda
557,Honda Dream Yuga,32000.0,2017,Individual,1st owner,39000,56147.0,6,8,6500.0,541.667,Honda
559,Hero Splendor Plus i3s,65000.0,2019,Individual,1st owner,1000,55600.0,4,1,250.0,20.833,Hero
562,Honda Activa 3G,35000.0,2016,Individual,1st owner,51000,54605.0,7,11,7285.714,607.143,Honda
570,Yamaha SZ X,35000.0,2010,Individual,1st owner,46000,65800.0,13,10,3538.462,294.872,Yamaha
572,Bajaj Pulsar 180,35000.0,2009,Individual,1st owner,19000,85011.0,14,4,1357.143,113.095,Bajaj
576,Honda CB Unicorn 160,75000.0,2016,Individual,1st owner,40000,77545.0,7,8,5714.286,476.19,Honda
579,Yamaha FZ S V 2.0,80000.0,2019,Individual,1st owner,10000,87042.0,4,2,2500.0,208.333,Yamaha
582,Bajaj Pulsar 135 LS,25000.0,2011,Individual,2nd owner,30000,64589.0,12,6,2500.0,208.333,Bajaj
585,Hero Duet,27000.0,2016,Individual,1st owner,28000,50280.0,7,6,4000.0,333.333,Hero
586,Honda CB Twister,25000.0,2015,Individual,1st owner,35000,57241.0,8,7,4375.0,364.583,Honda
587,Bajaj Discover 125,45000.0,2016,Individual,1st owner,20000,60122.0,7,4,2857.143,238.095,Bajaj
588,Honda CBR-250R,200000.0,2019,Individual,1st owner,5500,202310.0,4,2,1375.0,114.583,Honda
589,Bajaj Pulsar 180,20100.0,2008,Individual,1st owner,36000,85011.0,15,8,2400.0,200.0,Bajaj
591,Suzuki Swish [2012-2015],30000.0,2014,Individual,1st owner,30000,51685.0,9,6,3333.333,277.778,Suzuki
592,TVS Star City,21000.0,2011,Individual,1st owner,101000,47108.0,12,21,8416.667,701.389,TVS
594,Yamaha Fazer [2009-2016],45000.0,2014,Individual,1st owner,57700,84751.0,9,12,6411.111,534.259,Yamaha
596,Honda Dream Yuga,47000.0,2019,Individual,1st owner,8800,56147.0,4,2,2200.0,183.333,Honda
598,Yamaha Fazer [2009-2016],25000.0,2013,Individual,1st owner,120000,84751.0,10,24,12000.0,1000.0,Yamaha
602,Honda Activa [2000-2015],50000.0,2014,Individual,1st owner,48000,50267.0,9,10,5333.333,444.444,Honda
603,Hero Maestro Edge,46000.0,2015,Individual,1st owner,14000,55980.0,8,3,1750.0,145.833,Hero
604,Honda CB Hornet 160R,80000.0,2017,Individual,1st owner,18000,87719.0,6,4,3000.0,250.0,Honda
605,Hero Karizma [2003-2014],50000.0,2013,Individual,1st owner,38000,85766.0,10,8,3800.0,316.667,Hero
606,Honda CB Trigger,40000.0,2014,Individual,1st owner,75000,83437.0,9,15,8333.333,694.444,Honda
607,Honda CB Hornet 160R,70000.0,2017,Individual,1st owner,35000,87719.0,6,7,5833.333,486.111,Honda
608,Hero Glamour FI,30900.0,2014,Individual,1st owner,25000,71150.0,9,5,2777.778,231.481,Hero
609,Bajaj Avenger [2015],65000.0,2010,Individual,1st owner,20000,75502.0,13,4,1538.462,128.205,Bajaj
614,Yamaha FZ25,90000.0,2018,Individual,1st owner,8200,132680.0,5,2,1640.0,136.667,Yamaha
616,Yamaha YZF R15 S,70000.0,2017,Individual,1st owner,16000,117926.0,6,4,2666.667,222.222,Yamaha
617,Bajaj Discover 125,15000.0,2011,Individual,1st owner,47000,57549.0,12,10,3916.667,326.389,Bajaj
618,Hero Passion PRO i3s,35000.0,2016,Individual,1st owner,18000,54475.0,7,4,2571.429,214.286,Hero
619,Honda Activa [2000-2015],15000.0,2006,Individual,1st owner,50000,50267.0,17,10,2941.176,245.098,Honda
620,Bajaj Discover 125,50000.0,2018,Individual,1st owner,6000,60122.0,5,2,1200.0,100.0,Bajaj
621,Suzuki Gixxer [2014-2018],69000.0,2017,Individual,1st owner,20000,82813.0,6,4,3333.333,277.778,Suzuki
622,TVS Wego,15000.0,2011,Individual,1st owner,65000,54760.0,12,13,5416.667,451.389,TVS
623,Bajaj Discover 150,25000.0,2008,Individual,1st owner,25000,54299.0,15,5,1666.667,138.889,Bajaj
624,Suzuki Access 125 [2007-2016],30000.0,2012,Individual,1st owner,23000,58314.0,11,5,2090.909,174.242,Suzuki
625,Hero Karizma 2014,45000.0,2014,Individual,1st owner,5555,86744.0,9,2,617.222,51.435,Hero
627,Yamaha Fazer 25,120000.0,2018,Individual,1st owner,6000,142680.0,5,2,1200.0,100.0,Yamaha
629,Yamaha YZF R15 [2011-2018],80000.0,2017,Individual,1st owner,27000,118997.0,6,6,4500.0,375.0,Yamaha
633,Hero Glamour 125,40000.0,2015,Individual,1st owner,71250,61600.0,8,15,8906.25,742.188,Hero
635,Honda CB Twister,30000.0,2012,Individual,1st owner,50000,57241.0,11,10,4545.455,378.788,Honda
639,Honda CB Trigger,45000.0,2013,Individual,1st owner,20000,76572.0,10,4,2000.0,166.667,Honda
640,Hero Hunk,35000.0,2013,Individual,1st owner,50000,78513.0,10,10,5000.0,416.667,Hero
641,Bajaj Discover 150,25000.0,2011,Individual,1st owner,52000,54299.0,12,11,4333.333,361.111,Bajaj
643,Hero Xtreme Sports,65000.0,2017,Individual,1st owner,23000,78350.0,6,5,3833.333,319.444,Hero
644,Bajaj Avenger [2015],45000.0,2011,Individual,1st owner,35000,75502.0,12,7,2916.667,243.056,Bajaj
649,Honda CB Unicorn 150,60000.0,2017,Individual,1st owner,12652,74295.0,6,3,2108.667,175.722,Honda
650,Suzuki Gixxer SF Fi,100000.0,2019,Individual,1st owner,7000,103170.0,4,2,1750.0,145.833,Suzuki
652,Bajaj Discover 100,25000.0,2010,Individual,2nd owner,28000,42859.0,13,6,2153.846,179.487,Bajaj
653,TVS Wego,15000.0,2011,Individual,2nd owner,20000,54760.0,12,4,1666.667,138.889,TVS
654,Honda CB Hornet 160R,60000.0,2017,Individual,2nd owner,16008,92210.0,6,4,2668.0,222.333,Honda
655,Yamaha YZF R15 S,75000.0,2018,Individual,1st owner,36000,117926.0,5,8,7200.0,600.0,Yamaha
657,TVS Scooty Zest 110,55000.0,2018,Individual,1st owner,380,53751.0,5,1,76.0,6.333,TVS
658,Yamaha FZ S V 2.0,85000.0,2018,Individual,1st owner,50000,87042.0,5,10,10000.0,833.333,Yamaha
661,Yamaha FZ S V 2.0,60000.0,2017,Individual,1st owner,14500,84042.0,6,3,2416.667,201.389,Yamaha
665,Hero Splendor PRO,24000.0,2011,Individual,1st owner,43000,51994.0,12,9,3583.333,298.611,Hero
668,Yamaha FZ16,40000.0,2016,Individual,1st owner,93000,78712.0,7,19,13285.714,1107.143,Yamaha
672,Yamaha FZ S V 2.0,75000.0,2017,Individual,1st owner,20000,84042.0,6,4,3333.333,277.778,Yamaha
674,Honda CB Hornet 160R,70000.0,2017,Individual,1st owner,38000,87543.0,6,8,6333.333,527.778,Honda
675,Honda Activa 125 [2016-2017],55000.0,2018,Individual,1st owner,18000,61545.0,5,4,3600.0,300.0,Honda
676,Honda Activa 5G,51000.0,2018,Individual,1st owner,14000,59422.0,5,3,2800.0,233.333,Honda
677,Yamaha Saluto,74000.0,2019,Individual,1st owner,13000,59844.0,4,3,3250.0,270.833,Yamaha
678,Yamaha FZ S V 2.0,65000.0,2017,Individual,1st owner,42000,84042.0,6,9,7000.0,583.333,Yamaha
679,Bajaj Avenger Street 150 [2018],60000.0,2016,Individual,2nd owner,27000,80435.0,7,6,3857.143,321.429,Bajaj
681,Yamaha YZF R15 [2011-2018],50000.0,2014,Individual,1st owner,1200,118997.0,9,1,133.333,11.111,Yamaha
686,Honda CB Unicorn 150,30000.0,2010,Individual,1st owner,69000,74295.0,13,14,5307.692,442.308,Honda
687,Honda Activa [2000-2015],16600.0,2010,Individual,1st owner,100000,50267.0,13,20,7692.308,641.026,Honda
688,Honda Activa 3G,30000.0,2015,Individual,1st owner,18000,54605.0,8,4,2250.0,187.5,Honda
690,Honda Activa 5G,62000.0,2019,Individual,1st owner,11200,59422.0,4,3,2800.0,233.333,Honda
691,Bajaj Avenger Street 220,60000.0,2016,Individual,1st owner,17000,95955.0,7,4,2428.571,202.381,Bajaj
692,Hero Xtreme [2013-2014],45000.0,2014,Individual,1st owner,56420,72492.0,9,12,6268.889,522.407,Hero
693,Yamaha FZ S [2012-2016],40000.0,2011,Individual,1st owner,82000,79432.0,12,17,6833.333,569.444,Yamaha
695,Yamaha Fazer [2009-2016],50000.0,2012,Individual,1st owner,100000,84751.0,11,20,9090.909,757.576,Yamaha
699,Bajaj Pulsar 135 LS,45000.0,2014,Individual,1st owner,14000,64589.0,9,3,1555.556,129.63,Bajaj
700,Yamaha Fazer 25,145000.0,2018,Individual,2nd owner,4100,142680.0,5,1,820.0,68.333,Yamaha
701,Honda CB Unicorn 150,45000.0,2016,Individual,2nd owner,50000,74295.0,7,10,7142.857,595.238,Honda
702,Honda Activa 5G,65000.0,2019,Individual,1st owner,3025,59422.0,4,1,756.25,63.021,Honda
703,Bajaj Pulsar 135 LS,20000.0,2011,Individual,1st owner,60000,64589.0,12,12,5000.0,416.667,Bajaj
704,Hero Duet,37000.0,2016,Individual,1st owner,6000,50280.0,7,2,857.143,71.429,Hero
705,Hero Splendor NXG,18000.0,2011,Individual,1st owner,35000,44814.0,12,7,2916.667,243.056,Hero
706,Hero Glamour 125,25000.0,2013,Individual,1st owner,50000,61600.0,10,10,5000.0,416.667,Hero
707,Honda Activa 5G,46000.0,2018,Individual,1st owner,10000,57557.0,5,2,2000.0,166.667,Honda
708,Yamaha Fascino 110,55000.0,2019,Individual,1st owner,7000,57112.0,4,2,1750.0,145.833,Yamaha
709,Bajaj V15,40000.0,2016,Individual,1st owner,34000,67187.0,7,7,4857.143,404.762,Bajaj
711,Honda Activa [2000-2015],25000.0,2012,Individual,1st owner,38000,50267.0,11,8,3454.545,287.879,Honda
714,Honda CB Hornet 160R,70000.0,2017,Individual,1st owner,240000,92210.0,6,48,40000.0,3333.333,Honda
718,Yamaha Alpha,25000.0,2015,Individual,2nd owner,14000,54253.0,8,3,1750.0,145.833,Yamaha
720,Mahindra Gusto,25000.0,2016,Individual,1st owner,13500,51185.0,7,3,1928.571,160.714,Mahindra
721,Bajaj Discover 125,26000.0,2012,Individual,1st owner,75000,57549.0,11,15,6818.182,568.182,Bajaj
722,Hero Glamour 125,15000.0,2011,Individual,1st owner,75000,61600.0,12,15,6250.0,520.833,Hero
723,Honda CB Unicorn 160,50000.0,2017,Individual,1st owner,52000,77545.0,6,11,8666.667,722.222,Honda
724,Hero Pleasure,26500.0,2013,Individual,1st owner,18860,49600.0,10,4,1886.0,157.167,Hero
726,Honda CB Hornet 160R,80000.0,2016,Individual,1st owner,100000,92661.0,7,20,14285.714,1190.476,Honda
728,Yamaha FZ S V 2.0,90000.0,2018,Individual,1st owner,10500,87042.0,5,3,2100.0,175.0,Yamaha
729,Bajaj Pulsar 180,85000.0,2016,Individual,1st owner,35000,85011.0,7,7,5000.0,416.667,Bajaj
730,Hero Glamour 125,54000.0,2013,Individual,1st owner,17000,61600.0,10,4,1700.0,141.667,Hero
732,Bajaj Discover 100 T,25000.0,2014,Individual,1st owner,30000,47032.0,9,6,3333.333,277.778,Bajaj
734,Honda CB Unicorn 150,55000.0,2014,Individual,1st owner,10000,74295.0,9,2,1111.111,92.593,Honda
735,Hero Passion PRO TR,35000.0,2014,Individual,1st owner,9556,54586.0,9,2,1061.778,88.481,Hero
736,Honda CB Shine SP,50000.0,2018,Individual,1st owner,37000,64750.0,5,8,7400.0,616.667,Honda
737,Bajaj V15,45000.0,2015,Individual,1st owner,2700,65626.0,8,1,337.5,28.125,Bajaj
738,Bajaj V15,45000.0,2016,Individual,1st owner,36000,67187.0,7,8,5142.857,428.571,Bajaj
739,Bajaj Discover 100,28000.0,2015,Individual,2nd owner,52000,42859.0,8,11,6500.0,541.667,Bajaj
743,Suzuki GS150R,27000.0,2012,Individual,1st owner,14100,70851.0,11,3,1281.818,106.818,Suzuki
745,Honda CB Unicorn Dazzler,50000.0,2010,Individual,1st owner,75000,71757.0,13,15,5769.231,480.769,Honda
747,Honda Aviator,28000.0,2009,Individual,1st owner,29625,59183.0,14,6,2116.071,176.339,Honda
748,Honda Activa [2000-2015],6000.0,2006,Individual,2nd owner,35000,50267.0,17,7,2058.824,171.569,Honda
749,Hero Hunk,35000.0,2016,Individual,1st owner,32000,78513.0,7,7,4571.429,380.952,Hero
751,Bajaj Discover 110,15000.0,2007,Individual,1st owner,70000,52710.0,16,14,4375.0,364.583,Bajaj
752,Hero Xtreme [2013-2014],45000.0,2013,Individual,1st owner,57000,75936.0,10,12,5700.0,475.0,Hero
755,Honda Aviator,30000.0,2014,Individual,1st owner,7000,59183.0,9,2,777.778,64.815,Honda
759,Bajaj V15,70000.0,2018,Individual,1st owner,15000,67187.0,5,3,3000.0,250.0,Bajaj
761,Honda Dream Yuga,35000.0,2015,Individual,1st owner,39448,56147.0,8,8,4931.0,410.917,Honda
767,Bajaj Discover 125,25000.0,2011,Individual,1st owner,70000,57549.0,12,14,5833.333,486.111,Bajaj
768,Yamaha FZ V 2.0,60000.0,2018,Individual,1st owner,25000,81508.0,5,5,5000.0,416.667,Yamaha
769,Yamaha SZ-S,50000.0,2014,Individual,1st owner,20000,72532.0,9,4,2222.222,185.185,Yamaha
771,Bajaj Discover 125 M,30000.0,2014,Individual,1st owner,45000,49146.0,9,9,5000.0,416.667,Bajaj
772,Yamaha FZ S [2012-2016],60000.0,2014,Individual,1st owner,68000,79432.0,9,14,7555.556,629.63,Yamaha
773,Honda Activa [2000-2015],23000.0,2009,Individual,1st owner,95000,50267.0,14,19,6785.714,565.476,Honda
779,Hero Glamour 125,50000.0,2017,Individual,1st owner,8600,61600.0,6,2,1433.333,119.444,Hero
783,Hero Xtreme 2014,50000.0,2014,Individual,1st owner,10000,72973.0,9,2,1111.111,92.593,Hero
784,Hero Pleasure,20000.0,2012,Individual,2nd owner,30000,49600.0,11,6,2727.273,227.273,Hero
785,Hero Passion XPro,45000.0,2018,Individual,1st owner,7000,58900.0,5,2,1400.0,116.667,Hero
787,Yamaha FZ S [2012-2016],45000.0,2016,Individual,2nd owner,20000,79432.0,7,4,2857.143,238.095,Yamaha
788,Honda Activa [2000-2015],25000.0,2015,Individual,1st owner,25000,50267.0,8,5,3125.0,260.417,Honda
789,Hero Glamour FI,75000.0,2019,Individual,1st owner,8900,71150.0,4,2,2225.0,185.417,Hero
792,Hero Xpulse 200,100000.0,2019,Individual,1st owner,8500,107500.0,4,2,2125.0,177.083,Hero
793,Honda CB Unicorn 150,30000.0,2012,Individual,1st owner,32000,74295.0,11,7,2909.091,242.424,Honda
798,Honda Dream Neo,42000.0,2014,Individual,1st owner,21000,53415.0,9,5,2333.333,194.444,Honda
799,Hero Maestro,30000.0,2013,Individual,1st owner,60000,49412.0,10,12,6000.0,500.0,Hero
800,Honda CBR150 R,77000.0,2014,Individual,1st owner,38000,132513.0,9,8,4222.222,351.852,Honda
801,Honda CB Unicorn Dazzler,25000.0,2011,Individual,1st owner,40000,71757.0,12,8,3333.333,277.778,Honda
803,Hero Passion XPro,25000.0,2013,Individual,1st owner,25000,59640.0,10,5,2500.0,208.333,Hero
804,Honda Activa 5G,50000.0,2018,Individual,1st owner,25000,57957.0,5,5,5000.0,416.667,Honda
805,Honda Activa i,30000.0,2014,Individual,1st owner,25000,53900.0,9,5,2777.778,231.481,Honda
808,Suzuki Gixxer [2014-2018],45000.0,2015,Individual,1st owner,40000,78316.0,8,8,5000.0,416.667,Suzuki
809,Hero Xpulse 200,98000.0,2019,Individual,1st owner,8500,107500.0,4,2,2125.0,177.083,Hero
811,Bajaj Pulsar AS150,55000.0,2017,Individual,2nd owner,20000,80821.0,6,4,3333.333,277.778,Bajaj
813,Honda CB Twister,70000.0,2014,Individual,1st owner,12566,49150.0,9,3,1396.222,116.352,Honda
816,Bajaj V12,45000.0,2017,Individual,1st owner,35000,58906.0,6,7,5833.333,486.111,Bajaj
817,Hero Karizma 2014,25000.0,2015,Individual,1st owner,40000,86744.0,8,8,5000.0,416.667,Hero
818,Yamaha YZF R15 V3,170000.0,2019,Individual,1st owner,1400,146400.0,4,1,350.0,29.167,Yamaha
819,Yamaha Fascino 110,38000.0,2016,Individual,1st owner,37000,54500.0,7,8,5285.714,440.476,Yamaha
820,Honda CB Unicorn 160,45000.0,2015,Individual,1st owner,15000,77545.0,8,3,1875.0,156.25,Honda
823,Bajaj Discover 100,22000.0,2014,Individual,1st owner,14289,42859.0,9,3,1587.667,132.306,Bajaj
824,Mahindra Gusto,30000.0,2015,Individual,2nd owner,20000,51185.0,8,4,2500.0,208.333,Mahindra
832,Honda Activa [2000-2015],25000.0,2007,Individual,1st owner,17860,50267.0,16,4,1116.25,93.021,Honda
833,Yamaha FZ S [2012-2016],45000.0,2015,Individual,1st owner,24000,79432.0,8,5,3000.0,250.0,Yamaha
836,Honda Activa i [2016-2017],35000.0,2016,Individual,1st owner,29000,53436.0,7,6,4142.857,345.238,Honda
838,Yamaha FZ V 2.0,60000.0,2016,Individual,1st owner,45420,81508.0,7,10,6488.571,540.714,Yamaha
840,Honda CB Shine SP,42000.0,2017,Individual,1st owner,19800,64750.0,6,4,3300.0,275.0,Honda
841,Bajaj V15,76000.0,2018,Individual,1st owner,23000,65626.0,5,5,4600.0,383.333,Bajaj
844,Bajaj Discover 100 T,20000.0,2013,Individual,1st owner,20000,47032.0,10,4,2000.0,166.667,Bajaj
845,Honda CB Hornet 160R,75000.0,2016,Individual,1st owner,72000,92661.0,7,15,10285.714,857.143,Honda
846,Honda CB Hornet 160R,70000.0,2018,Individual,1st owner,7000,92661.0,5,2,1400.0,116.667,Honda
848,Honda CB Shine SP,50000.0,2017,Individual,1st owner,34300,62317.0,6,7,5716.667,476.389,Honda
850,Bajaj Pulsar 180,25000.0,2011,Individual,1st owner,43000,85011.0,12,9,3583.333,298.611,Bajaj
851,TVS XL 100,30000.0,2017,Individual,1st owner,8000,30490.0,6,2,1333.333,111.111,TVS
854,Bajaj Pulsar 180,50000.0,2014,Individual,1st owner,30000,85011.0,9,6,3333.333,277.778,Bajaj
855,Bajaj Discover 150,35000.0,2015,Individual,1st owner,12000,54299.0,8,3,1500.0,125.0,Bajaj
856,Bajaj Pulsar 180,30000.0,2009,Individual,1st owner,17500,85011.0,14,4,1250.0,104.167,Bajaj
858,Honda CB Unicorn 150,42000.0,2013,Individual,1st owner,38000,74295.0,10,8,3800.0,316.667,Honda
860,Kawasaki Ninja 650 [2018-2019],300000.0,2011,Individual,1st owner,12000,589000.0,12,3,1000.0,83.333,Kawasaki
864,Benelli TNT 25,160000.0,2017,Individual,1st owner,2009,170994.0,6,1,334.833,27.903,Benelli
865,Royal Enfield Thunderbird 500X,185000.0,2018,Individual,1st owner,1500,198605.0,5,1,300.0,25.0,Royal Enfield
866,Royal Enfield Continental GT [2013 - 2018],110000.0,2014,Individual,1st owner,12077,208902.0,9,3,1341.889,111.824,Royal Enfield
870,Bajaj Avenger Street 220,75000.0,2018,Individual,1st owner,12000,95955.0,5,3,2400.0,200.0,Bajaj
871,Honda Activa 125 [2016-2017],50000.0,2017,Individual,1st owner,27000,61545.0,6,6,4500.0,375.0,Honda
873,Bajaj Discover 150F,30000.0,2015,Individual,1st owner,12000,64071.0,8,3,1500.0,125.0,Bajaj
875,Hero Karizma ZMR,75000.0,2015,Individual,1st owner,11000,108000.0,8,3,1375.0,114.583,Hero
876,Honda Dream Yuga,45000.0,2017,Individual,1st owner,26000,56147.0,6,6,4333.333,361.111,Honda
877,Hero Glamour 125,35000.0,2014,Individual,1st owner,450000,61600.0,9,90,50000.0,4166.667,Hero
878,Honda Activa [2000-2015],35000.0,2012,Individual,1st owner,29000,50267.0,11,6,2636.364,219.697,Honda
880,Honda CB Hornet 160R,70000.0,2017,Individual,1st owner,13000,92210.0,6,3,2166.667,180.556,Honda
882,Royal Enfield Classic Gunmetal Grey,180000.0,2018,Individual,1st owner,5814,148114.0,5,2,1162.8,96.9,Royal Enfield
883,Bajaj Discover 100,24000.0,2014,Individual,1st owner,31000,42859.0,9,7,3444.444,287.037,Bajaj
887,Bajaj Pulsar 180,72000.0,2017,Dealer,1st owner,7850,85011.0,6,2,1308.333,109.028,Bajaj
890,Royal Enfield Classic Chrome,185000.0,2015,Individual,2nd owner,5000,189313.0,8,1,625.0,52.083,Royal Enfield
891,Royal Enfield Classic Gunmetal Grey,140000.0,2018,Individual,1st owner,14000,148114.0,5,3,2800.0,233.333,Royal Enfield
893,Hero Pleasure [2005-2015],30000.0,2013,Individual,1st owner,25000,46779.0,10,5,2500.0,208.333,Hero
894,TVS Victor,18000.0,2004,Individual,1st owner,46700,54852.0,19,10,2457.895,204.825,TVS
897,Kawasaki Ninja 300,300000.0,2016,Individual,1st owner,9800,360000.0,7,2,1400.0,116.667,Kawasaki
898,Honda Dream Yuga,30000.0,2015,Individual,2nd owner,46070,56147.0,8,10,5758.75,479.896,Honda
902,Yamaha YZF R15 [2011-2018],80000.0,2013,Dealer,1st owner,30000,118997.0,10,6,3000.0,250.0,Yamaha
904,Hero Karizma ZMR,43000.0,2012,Individual,2nd owner,63000,108000.0,11,13,5727.273,477.273,Hero
906,Yo Style,20000.0,2011,Individual,1st owner,10000,37675.0,12,2,833.333,69.444,Yo
907,Hero Splendor iSmart,40000.0,2015,Individual,1st owner,10000,52271.0,8,2,1250.0,104.167,Hero
909,Bajaj Discover 100,21000.0,2009,Individual,1st owner,50000,42859.0,14,10,3571.429,297.619,Bajaj
910,Yamaha Fazer [2009-2016],35000.0,2011,Individual,1st owner,15500,84751.0,12,4,1291.667,107.639,Yamaha
911,Bajaj Discover 125,23000.0,2011,Individual,1st owner,66000,57549.0,12,14,5500.0,458.333,Bajaj
914,Bajaj Discover 125 M,45000.0,2014,Individual,1st owner,40000,47186.0,9,8,4444.444,370.37,Bajaj
915,Bajaj Avenger Street 150 [2018],60000.0,2016,Individual,1st owner,25000,80435.0,7,5,3571.429,297.619,Bajaj
916,Yamaha Fazer [2009-2016],40000.0,2013,Individual,1st owner,34500,84751.0,10,7,3450.0,287.5,Yamaha
917,Hero Passion X Pro [2016-2017],42000.0,2016,Individual,1st owner,15500,59095.0,7,4,2214.286,184.524,Hero
918,Honda Activa [2000-2015],18000.0,2011,Individual,1st owner,28000,50267.0,12,6,2333.333,194.444,Honda
919,TVS Star City,15000.0,2006,Individual,1st owner,40000,46575.0,17,8,2352.941,196.078,TVS
921,TVS Star City,25000.0,2016,Individual,1st owner,50000,47108.0,7,10,7142.857,595.238,TVS
923,Bajaj Discover 100,23000.0,2012,Individual,1st owner,50000,42859.0,11,10,4545.455,378.788,Bajaj
924,TVS Victor,10000.0,2005,Individual,1st owner,55000,54852.0,18,11,3055.556,254.63,TVS
926,Honda Aviator,25000.0,2012,Individual,2nd owner,12000,59183.0,11,3,1090.909,90.909,Honda
927,Bajaj Pulsar 180,50000.0,2010,Individual,1st owner,70000,85011.0,13,14,5384.615,448.718,Bajaj
928,Bajaj Avenger [2015],60000.0,2015,Individual,2nd owner,16000,75502.0,8,4,2000.0,166.667,Bajaj
930,Hero Maestro,50000.0,2016,Individual,1st owner,100000,49412.0,7,20,14285.714,1190.476,Hero
931,Honda CB Shine SP,50000.0,2016,Individual,1st owner,45000,64750.0,7,9,6428.571,535.714,Honda
935,Honda Activa 3G,40000.0,2016,Individual,1st owner,60000,54605.0,7,12,8571.429,714.286,Honda
936,Bajaj Pulsar 135 LS,45000.0,2017,Individual,1st owner,22000,64589.0,6,5,3666.667,305.556,Bajaj
938,Hero Pleasure,30000.0,2013,Individual,1st owner,25000,49600.0,10,5,2500.0,208.333,Hero
941,Honda CB Twister,25000.0,2012,Individual,1st owner,86000,53857.0,11,18,7818.182,651.515,Honda
943,Bajaj Pulsar AS200,65000.0,2015,Individual,1st owner,33000,92074.0,8,7,4125.0,343.75,Bajaj
944,Honda Activa 3G,40000.0,2015,Individual,1st owner,36000,54605.0,8,8,4500.0,375.0,Honda
946,Honda CB Hornet 160R,70000.0,2017,Individual,1st owner,28000,83340.0,6,6,4666.667,388.889,Honda
948,Hero Splendor PRO,35000.0,2015,Individual,1st owner,35280,51994.0,8,8,4410.0,367.5,Hero
953,Hero Ignitor,36000.0,2016,Individual,1st owner,23000,65599.0,7,5,3285.714,273.81,Hero
954,Bajaj Discover 100 M,32000.0,2014,Individual,1st owner,30000,44756.0,9,6,3333.333,277.778,Bajaj
955,Honda Activa 3G,50000.0,2016,Individual,1st owner,6000,54605.0,7,2,857.143,71.429,Honda
956,Bajaj Pulsar 135 LS,50000.0,2015,Individual,1st owner,48000,64589.0,8,10,6000.0,500.0,Bajaj
960,Royal Enfield Thunder 500,175000.0,2018,Individual,1st owner,3000,190000.0,5,1,600.0,50.0,Royal Enfield
961,UM Renegade Mojave,170000.0,2019,Individual,1st owner,1400,182000.0,4,1,350.0,29.167,UM
962,KTM RC200,165000.0,2019,Individual,1st owner,4000,178000.0,4,1,1000.0,83.333,KTM
963,Bajaj Dominar 400,145000.0,2019,Individual,1st owner,1200,160000.0,4,1,300.0,25.0,Bajaj
964,Royal Enfield Classic 350,135000.0,2019,Individual,1st owner,4100,147000.0,4,1,1025.0,85.417,Royal Enfield
965,KTM RC390,135000.0,2017,Individual,1st owner,21700,237000.0,6,5,3616.667,301.389,KTM
966,Hyosung GT250R,135000.0,2016,Individual,2nd owner,16500,345000.0,7,4,2357.143,196.429,Hyosung
967,Royal Enfield Thunder 350,125000.0,2015,Individual,1st owner,15000,150000.0,8,3,1875.0,156.25,Royal Enfield
968,Royal Enfield Thunder 350,120000.0,2018,Individual,1st owner,18000,150000.0,5,4,3600.0,300.0,Royal Enfield
969,Royal Enfield Classic 350,120000.0,2019,Individual,1st owner,11000,147000.0,4,3,2750.0,229.167,Royal Enfield
970,KTM RC200,120000.0,2018,Individual,1st owner,6000,178000.0,5,2,1200.0,100.0,KTM
971,Royal Enfield Thunder 350,115000.0,2018,Individual,1st owner,8700,150000.0,5,2,1740.0,145.0,Royal Enfield
972,KTM 390 Duke ,115000.0,2016,Individual,1st owner,7000,240000.0,7,2,1000.0,83.333,KTM
973,Mahindra Mojo XT300,115000.0,2018,Individual,1st owner,35000,140000.0,5,7,7000.0,583.333,Mahindra
974,Royal Enfield Classic 350,115000.0,2017,Individual,1st owner,17000,147000.0,6,4,2833.333,236.111,Royal Enfield
975,Royal Enfield Classic 350,111000.0,2017,Individual,1st owner,17500,147000.0,6,4,2916.667,243.056,Royal Enfield
976,Royal Enfield Classic 350,110000.0,2015,Individual,1st owner,33000,147000.0,8,7,4125.0,343.75,Royal Enfield
977,Royal Enfield Thunder 500,110000.0,2017,Individual,1st owner,14000,190000.0,6,3,2333.333,194.444,Royal Enfield
978,Royal Enfield Classic 350,110000.0,2017,Individual,1st owner,26000,147000.0,6,6,4333.333,361.111,Royal Enfield
979,Royal Enfield Thunder 500,105000.0,2015,Individual,1st owner,5400,190000.0,8,2,675.0,56.25,Royal Enfield
980,Bajaj Pulsar RS200,105000.0,2018,Individual,1st owner,5700,126000.0,5,2,1140.0,95.0,Bajaj
981,Royal Enfield Thunder 350,105000.0,2013,Individual,1st owner,6900,150000.0,10,2,690.0,57.5,Royal Enfield
982,Royal Enfield Bullet 350,105000.0,2018,Individual,1st owner,6000,117000.0,5,2,1200.0,100.0,Royal Enfield
983,Royal Enfield Classic 350,100000.0,2015,Individual,1st owner,46500,147000.0,8,10,5812.5,484.375,Royal Enfield
984,Royal Enfield Classic 500,95000.0,2014,Individual,1st owner,11500,175000.0,9,3,1277.778,106.481,Royal Enfield
985,Royal Enfield Classic 500,90000.0,2011,Individual,1st owner,40000,175000.0,12,8,3333.333,277.778,Royal Enfield
986,Bajaj Avenger 220,90000.0,2019,Individual,1st owner,1300,95000.0,4,1,325.0,27.083,Bajaj
987,Bajaj Avenger 150,75000.0,2018,Individual,1st owner,7000,80000.0,5,2,1400.0,116.667,Bajaj
988,Honda CB Hornet 160R,80000.0,2019,Individual,1st owner,3000,87000.0,4,1,750.0,62.5,Honda
989,Yamaha FZ S V 2.0,78000.0,2019,Individual,1st owner,5000,84000.0,4,1,1250.0,104.167,Yamaha
990,Honda CB Hornet 160R,75000.0,2019,Individual,1st owner,11000,87000.0,4,3,2750.0,229.167,Honda
991,Yamaha FZ 16,75000.0,2017,Individual,1st owner,18000,82000.0,6,4,3000.0,250.0,Yamaha
992,Bajaj Avenger 220,75000.0,2019,Individual,1st owner,3500,95000.0,4,1,875.0,72.917,Bajaj
993,Bajaj Avenger 220,72000.0,2018,Individual,1st owner,500,95000.0,5,1,100.0,8.333,Bajaj
994,TVS Apache RTR 160,65000.0,2019,Individual,1st owner,11800,81000.0,4,3,2950.0,245.833,TVS
995,Bajaj Pulsar 150,65000.0,2017,Individual,1st owner,5000,74000.0,6,1,833.333,69.444,Bajaj
996,Honda CBR 150,65000.0,2016,Individual,1st owner,23500,120000.0,7,5,3357.143,279.762,Honda
997,Hero Extreme,65000.0,2015,Individual,1st owner,16000,78700.0,8,4,2000.0,166.667,Hero
998,Honda CB Hornet 160R,60000.0,2018,Individual,1st owner,15000,87000.0,5,3,3000.0,250.0,Honda
999,Bajaj Avenger 220 dtsi,60000.0,2017,Individual,1st owner,16600,95000.0,6,4,2766.667,230.556,Bajaj
1000,Honda CBR 150,60000.0,2015,Individual,1st owner,32000,120000.0,8,7,4000.0,333.333,Honda
1001,Bajaj Avenger 150 street,60000.0,2018,Individual,1st owner,20000,80000.0,5,4,4000.0,333.333,Bajaj
1002,Yamaha FZ  v 2.0,60000.0,2017,Individual,1st owner,29000,84000.0,6,6,4833.333,402.778,Yamaha
1003,Yamaha FZ  v 2.0,60000.0,2018,Individual,1st owner,25000,84000.0,5,5,5000.0,416.667,Yamaha
1004,Bajaj Pulsar  NS 200,60000.0,2016,Individual,1st owner,25000,99000.0,7,5,3571.429,297.619,Bajaj
1005,TVS Apache RTR 160,60000.0,2014,Individual,1st owner,19000,81000.0,9,4,2111.111,175.926,TVS
1006,Hero Extreme,55000.0,2016,Individual,1st owner,15000,78700.0,7,3,2142.857,178.571,Hero
1007,Yamaha FZ S V 2.0,55000.0,2017,Individual,1st owner,58000,84000.0,6,12,9666.667,805.556,Yamaha
1008,Bajaj Pulsar 220 F,52000.0,2012,Individual,1st owner,45000,94000.0,11,9,4090.909,340.909,Bajaj
1009,Bajaj Pulsar 220 F,51000.0,2018,Individual,1st owner,24000,94000.0,5,5,4800.0,400.0,Bajaj
1010,TVS Apache RTR 180,50000.0,2013,Individual,1st owner,6000,82600.0,10,2,600.0,50.0,TVS
1011,Hero Passion X pro,50000.0,2018,Individual,1st owner,31000,55000.0,5,7,6200.0,516.667,Hero
1012,Bajaj Pulsar NS 200,50000.0,2014,Individual,1st owner,13000,99000.0,9,3,1444.444,120.37,Bajaj
1013,Bajaj Pulsar NS 200,50000.0,2015,Individual,1st owner,45000,99000.0,8,9,5625.0,468.75,Bajaj
1014,Yamaha Fazer ,50000.0,2016,Individual,1st owner,8000,88000.0,7,2,1142.857,95.238,Yamaha
1015,Honda Activa 4G,48000.0,2019,Individual,1st owner,4300,51000.0,4,1,1075.0,89.583,Honda
1016,TVS Sport ,48000.0,2019,Individual,1st owner,15000,52000.0,4,3,3750.0,312.5,TVS
1017,Yamaha FZ S V 2.0,48000.0,2017,Individual,1st owner,23000,84000.0,6,5,3833.333,319.444,Yamaha
1018,Honda Dream Yuga ,48000.0,2019,Individual,1st owner,8600,54000.0,4,2,2150.0,179.167,Honda
1019,Honda Activa 4G,45000.0,2019,Individual,1st owner,4000,51000.0,4,1,1000.0,83.333,Honda
1020,Bajaj Avenger Street 220,45000.0,2013,Individual,1st owner,24000,95000.0,10,5,2400.0,200.0,Bajaj
1021,TVS Apache RTR 180,45000.0,2016,Individual,1st owner,23000,82600.0,7,5,3285.714,273.81,TVS
1022,Bajaj Pulsar NS 200,45000.0,2014,Individual,1st owner,14500,99000.0,9,3,1611.111,134.259,Bajaj
1023,Bajaj Avenger 220 dtsi,45000.0,2012,Individual,1st owner,27000,95000.0,11,6,2454.545,204.545,Bajaj
1024,Hero Splender iSmart,45000.0,2018,Individual,1st owner,14000,54000.0,5,3,2800.0,233.333,Hero
1025,Activa 3g,45000.0,2018,Individual,1st owner,500,54000.0,5,1,100.0,8.333,Activa
1026,Hero Passion Pro,45000.0,2018,Individual,1st owner,1000,55000.0,5,1,200.0,16.667,Hero
1027,TVS Apache RTR 160,42000.0,2016,Individual,1st owner,42000,81000.0,7,9,6000.0,500.0,TVS
1028,Honda CB Trigger,42000.0,2015,Individual,1st owner,12000,73000.0,8,3,1500.0,125.0,Honda
1029,Hero Splender iSmart,40000.0,2017,Individual,1st owner,14000,54000.0,6,3,2333.333,194.444,Hero
1030,Yamaha FZ S ,40000.0,2014,Individual,1st owner,5500,83000.0,9,2,611.111,50.926,Yamaha
1031,Hero Passion Pro,40000.0,2017,Individual,1st owner,6700,55000.0,6,2,1116.667,93.056,Hero
1032,Bajaj Pulsar 135 LS,40000.0,2016,Individual,1st owner,13700,64000.0,7,3,1957.143,163.095,Bajaj
1033,Activa 4g,40000.0,2019,Individual,1st owner,1300,51000.0,4,1,325.0,27.083,Activa
1034,Honda CB Unicorn,38000.0,2017,Individual,1st owner,38600,72000.0,6,8,6433.333,536.111,Honda
1035,Hero Honda CBZ extreme,38000.0,2013,Individual,1st owner,75000,78700.0,10,15,7500.0,625.0,Hero Honda
1036,Honda Karizma,35000.0,2013,Individual,1st owner,30000,105000.0,10,6,3000.0,250.0,Honda
1037,Honda Activa 125,35000.0,2018,Individual,1st owner,24000,57000.0,5,5,4800.0,400.0,Honda
1038,TVS Jupyter,35000.0,2016,Individual,1st owner,19000,52000.0,7,4,2714.286,226.191,TVS
1039,Honda Karizma,31000.0,2012,Individual,1st owner,213000,105000.0,11,43,19363.636,1613.636,Honda
1040,Hero Honda Passion Pro,30000.0,2014,Individual,1st owner,60000,51000.0,9,12,6666.667,555.556,Hero Honda
1041,Hero Splender Plus,30000.0,2018,Individual,1st owner,50000,48000.0,5,10,10000.0,833.333,Hero
1042,Honda CB Shine,30000.0,2015,Individual,1st owner,30000,58000.0,8,6,3750.0,312.5,Honda
1043,Bajaj Discover 100,27000.0,2015,Individual,1st owner,21000,47000.0,8,5,2625.0,218.75,Bajaj
1044,Bajaj Pulsar 150,25000.0,2010,Individual,2nd owner,26000,75000.0,13,6,2000.0,166.667,Bajaj
1045,Suzuki Access 125,25000.0,2010,Individual,1st owner,1900,58000.0,13,1,146.154,12.179,Suzuki
1046,TVS Wego,25000.0,2012,Individual,1st owner,22000,52000.0,11,5,2000.0,166.667,TVS
1047,Honda CB twister,25000.0,2015,Individual,1st owner,32000,51000.0,8,7,4000.0,333.333,Honda
1048,Hero Glamour,25000.0,2015,Individual,1st owner,18000,57000.0,8,4,2250.0,187.5,Hero
1049,Hero Super Splendor,20000.0,2007,Individual,1st owner,55000,57000.0,16,11,3437.5,286.458,Hero
1050,Bajaj Pulsar 150,20000.0,2010,Individual,1st owner,60000,75000.0,13,12,4615.385,384.615,Bajaj
1051,Bajaj Discover 125,20000.0,2014,Individual,2nd owner,25000,57000.0,9,5,2777.778,231.481,Bajaj
1052,Hero Hunk,20000.0,2009,Individual,2nd owner,49000,75000.0,14,10,3500.0,291.667,Hero
1053,Hero  Ignitor Disc,20000.0,2015,Individual,2nd owner,24000,65000.0,8,5,3000.0,250.0,Hero
1054,Hero  CBZ Xtreme,20000.0,2010,Individual,1st owner,50000,78700.0,13,10,3846.154,320.513,Hero
1055,Bajaj  ct 100,18000.0,2017,Individual,1st owner,35000,32000.0,6,7,5833.333,486.111,Bajaj
1056,Activa 3g,17000.0,2010,Individual,1st owner,500000,52000.0,13,100,38461.538,3205.128,Activa
1057,Honda CB twister,16000.0,2012,Individual,1st owner,33000,51000.0,11,7,3000.0,250.0,Honda
1058,Bajaj Discover 125,15000.0,2013,Individual,2nd owner,35000,57000.0,10,7,3500.0,291.667,Bajaj
1059,Honda CB Shine,12000.0,2009,Individual,1st owner,53000,58000.0,14,11,3785.714,315.476,Honda
1060,Bajaj Pulsar 150,10000.0,2008,Individual,1st owner,92233,75000.0,15,19,6148.867,512.406,Bajaj
